MSE,RMSE,MAE,R²,POD
1534.325927734375,39.17047265140383,16.920101165771484,0.1358512043952942,0.8761314247038676
