MSE,RMSE,MAE,R²,POD
1515.614990234375,38.93090019809939,17.637950897216797,0.1463894248008728,0.8955537582074449
