MSE,RMSE,MAE,R²,POD
77.44359588623047,8.800204309345919,3.531494617462158,0.1762179136276245,0.34424549391059245
